iter	Logloss
0	0.6140427693
1	0.5877614481
2	0.5775451273
3	0.5701966139
4	0.5642411849
5	0.560657174
6	0.5584023806
7	0.5547028609
8	0.5507557261
9	0.5483675498
10	0.5469991043
11	0.5451242627
12	0.5436206322
13	0.5415517296
14	0.5407547381
