iter	Logloss
0	0.4779044942
1	0.4315306364
2	0.4144498192
3	0.4083502066
4	0.4015467473
