iter	Logloss
0	0.6232013859
1	0.593944228
2	0.5814837294
3	0.5763360458
4	0.5725533737
5	0.569042202
6	0.5660364696
7	0.5635312843
8	0.5593658498
9	0.558025958
